name,category,niche,city,website,phone_cleaned,phone_valid,phone_carrier,email,email_confidence,email_source,owner_name,owner_title,owner_linkedin,rating,reviews,maps_url,icp_score,icp_tier,icp_reasoning,outreach_angle,icp_missing
Ciseern by Designer Furnishings Pte Ltd,Interior designer,Interior Designer,Singapore,http://www.ciseern.com/,+6565520078,True,,glenna@ciseern.com,99,hunter,Glenna Lim,Marketing Manager,,4.8,868,,9,Hot,"The lead has a working website, verified email, owner/decision maker name, valid phone, and a high rating with many reviews, indicating a well-established business with a potential budget for services.","I came across Ciseern by Designer Furnishings Pte Ltd and was impressed by the high-quality interior design work showcased on your website, and I'd love to explore how our services can support your business growth, Glenna.",linkedin
The Interior Lab (TIL) Pte Ltd,Interior designer,Interior Designer,Singapore,http://www.theinteriorlab.com.sg/,+6563456372,True,,enquiry@theinteriorlab.com.sg,,,,,,4.7,506,,6,Warm,"The lead has a working website, verified email, and valid phone, but is missing owner/decision maker name and other contact info","Reach out to The Interior Lab to explore how our services can help them continue delivering exceptional interior design experiences to their clients, as evident from their impressive 4.7 rating and 506 reviews","owner_name, owner_title, has_linkedin, business size"
Casa Interior Design Pte Ltd,General contractor,Interior Designer,Singapore,http://www.casaid.com.sg/,+6562914846,True,,enquiry@casaid.com.sg,99,hunter,,,,4.9,2487,,6,Warm,"The lead has a working website, verified email, valid phone, and appears to be an active business, but is missing the owner's name","I came across Casa Interior Design Pte Ltd and was impressed with the 4.9 rating and 2487 reviews, and I'd love to explore how our services can support the company's continued success","owner_name, owner_title, has_linkedin"
The Alchemists Design,Interior designer,Interior Designer,Singapore,https://www.thealchemistsdesign.com/,+6596715658,True,Singapore Telecom Mobile Pte Ltd,enquiries@thealchemistsdesign.com,,,,,,5,662,,6,Warm,"The lead has a working website, verified email, valid phone, and appears active with a high rating and many reviews, but is missing owner/decision maker name and LinkedIn presence.","I came across The Alchemists Design's impressive portfolio and 5-star rating, and I'd love to explore how our services can help elevate their interior design business to the next level.","owner_name, owner_title, has_linkedin"
Earth Interior Design Pte Ltd,Interior designer,Interior Designer,Singapore,https://earthid.sg/,+6588131818,True,M1 Ltd,idea@earthid.sg,99,hunter,,,,4.7,371,,6,Warm,"The lead has a working website, verified email, valid phone, and appears to be an active business, but is missing owner/decision maker name and other contact info","As an interior design firm with a strong online presence, I'd love to explore how our services can help Earth Interior Design Pte Ltd further enhance their client experiences","owner_name, owner_title, has_linkedin, business size"
SHE INTERIOR DESIGN PTE LTD,Interior designer,Interior Designer,Singapore,http://sheinterior.com.sg/,+6582583766,True,StarHub Mobile Pte Ltd,enquiry@sheinterior.com.sg,,,,,,4.9,206,,6,Warm,"The lead has a working website, verified email, valid phone, and appears to be an active business, but is missing owner/decision maker name and other contact info","I came across SHE Interior Design PTE LTD and was impressed with the 4.9 rating and 206 reviews, and I'd love to explore how our services can help take your interior design business to the next level","owner_name, owner_title, has_linkedin, business size"
Le Interior Affairs Pte Ltd,Interior designer,Interior Designer,Singapore,https://leinterioraffairs.com/,+6593380576,True,StarHub Mobile Pte Ltd,talktous@leinterioraffairs.com,,,,,,4.9,299,,6,Warm,"The lead has a working website, verified email, valid phone, and appears to be an active business, but is missing owner/decision maker name and other contact info","I came across Le Interior Affairs Pte Ltd and was impressed with the 4.9 rating and 299 reviews, and I'd love to explore how our services can help take your interior design business to the next level","owner_name, owner_title, has_linkedin"
ChengYi Interior Design,Interior designer,Interior Designer,Singapore,https://chengyiinteriordesign.space/,+6585059577,True,StarHub Mobile Pte Ltd,admin@chengyiinteriordesign.com,,,,,,4.7,393,,6,Warm,"The lead has a working website, verified email, valid phone, and appears to be an active business with a high rating and many reviews.","I came across ChengYi Interior Design and was impressed by the 4.7-star rating and 393 reviews, and I'd love to explore how our services can help take your interior design business to the next level.","owner_name, owner_title, has_linkedin"
Jesigns Interior Design Pte Ltd,Interior designer,Interior Designer,Singapore,http://www.jesignsinteriordesign.com/,+6591443951,True,StarHub Mobile Pte Ltd,info@jesigns.net,,,,,,4.9,147,,6,Warm,"The lead has a working website, verified email, valid phone, and appears to be an active business, but is missing owner/decision maker name and other contact info","As a top-rated interior design firm in Singapore with 147 reviews, I'd love to explore how our services can help Jesigns Interior Design Pte Ltd further enhance their client experiences","owner_name, owner_title, has_linkedin, business_size"
Renopedia Pte Ltd,Interior designer,Interior Designer,Singapore,https://renopedia.sg/,+6565364676,True,,info@renopedia.com.sg,,,,,,4.9,1322,,6,Warm,"The lead has a working website, verified email, valid phone, and appears to be an active business, but is missing owner/decision maker name and other contact info","As a top-rated interior designer in Singapore with over 1300 reviews, I'd love to explore how our services can help Renopedia Pte Ltd continue to deliver exceptional customer experiences","owner_name, owner_title, has_linkedin, business_size"
